handle,rating
DARTHNEMESIS,635
Rhitam07,1500
harshit6789012,859
Praveen_30,1055
Dumashenka,1169
Darshil_Marvaniya,1410
Devansh____yadav,1188
Pardhiv_07,662
El_Gason,718
imper0r,1380
jungle_fury,1344
tamas_,1138
rohan0_9,823
dileepmallukuntla,977
Jatin_Sharma06,821
cheng520,739
RJ_04,1079
anilkumar_tk,1134
samarthpatidar2147,1123
Urvaa_13,832
Gopal_Prajapati,1018
PhucDucAnyways,1438
CognitiveAtrophy,1177
AliyevAli_,809
arp1t_,991
anuj_rana,810
CodeSeducer,1197
HUNTER_2309,1143
Prakashkr33,1033
invarion,1155
Vinayak.99,1241
remn_ants69,920
DulatMurat,1252
Rudra6192,874
Kowshick_08,876
kushal88053,1053
abhwolxq,1445
h.ahmed87,778
yashr_dev,980
nameloading....,589
SepehrHallaji,1245
bbbbtttt,803
Sanchobek13,925
sandeepOG,960
__xor__,1333
Aziz_05,1293
Skalekinge,855
ldw17,1251
sumitksr,1408
rehan.irani,883
